{"numeric": {"sepal length (cm)": {"bin_edges": [4.3, 4.8, 5.0, 5.270000000000001, 5.6, 5.8, 6.1, 6.3, 6.5200000000000005, 6.9, 7.9], "bin_props": [0.07333333333333333, 0.07333333333333333, 0.15333333333333332, 0.09333333333333334, 0.09333333333333334, 0.10666666666666667, 0.06666666666666667, 0.14, 0.08666666666666667, 0.11333333333333333]}, "sepal width (cm)": {"bin_edges": [2.0, 2.5, 2.7, 2.8, 3.0, 3.1, 3.2, 3.4, 3.6099999999999994, 4.4], "bin_props": [0.07333333333333333, 0.08666666666666667, 0.06, 0.16, 0.17333333333333334, 0.07333333333333333, 0.12666666666666668, 0.14666666666666667, 0.1]}, "petal length (cm)": {"bin_edges": [1.0, 1.4, 1.5, 1.7, 3.9, 4.35, 4.6400000000000015, 5.0, 5.32, 5.8, 6.9], "bin_props": [0.07333333333333333, 0.08666666666666667, 0.13333333333333333, 0.09333333333333334, 0.11333333333333333, 0.1, 0.09333333333333334, 0.10666666666666667, 0.09333333333333334, 0.10666666666666667]}, "petal width (cm)": {"bin_edges": [0.1, 0.2, 0.4, 1.1600000000000001, 1.3, 1.5, 1.8, 1.9, 2.2, 2.5], "bin_props": [0.03333333333333333, 0.24, 0.12666666666666668, 0.03333333333333333, 0.14, 0.12, 0.08, 0.11333333333333333, 0.11333333333333333]}}, "categorical": {}, "missing_rates": {"sepal length (cm)": 0.0, "sepal width (cm)": 0.0, "petal length (cm)": 0.0, "petal width (cm)": 0.0}, "n_rows": 150}